year,player,player_id,position,player_game_count,team_name,targets,receptions,drops,catchable,drop_rate
2019,Wendell Smallwood,10787,HB,11,WAS,13,9,0,9,0
2019,Trevor Davis,10797,WR,8,MIA,10,8,0,8,0
2019,Gunner Olszewski,95015,WR,4,NE,4,2,0,2,0
2019,Stephen Carlson,94365,TE,9,CLV,6,5,0,5,0
2019,Ashton Dulin,91479,WR,9,IND,2,2,0,2,0
2019,Jason Moore,91472,WR,8,LAC,5,2,0,2,0
2019,Deonte Harris,91470,WR,11,NO,6,6,0,6,0
2019,Jesper Horsted,91465,TE,6,CHI,10,8,0,8,0
2019,Diontae Spencer,91248,WR,10,DEN,8,6,0,6,0
2019,Codey McElroy,66966,TE,1,TB,1,1,0,1,0
2019,Ryan Switzer,11888,WR,7,PIT,10,8,0,8,0
2019,James O'Shaughnessy,9606,TE,5,JAX,20,14,0,14,0
2019,Geremy Davis,9619,WR,5,LAC,3,3,0,3,0
2019,Ben Koyack,9662,TE,11,JAX,2,1,0,1,0
2019,Geoff Swaim,9679,TE,6,JAX,16,13,0,13,0
2019,DeAndrew White,9697,WR,7,CAR,8,4,0,4,0
2019,Dion Dawkins,11818,T,1,BUF,1,1,0,1,0
2019,Eric Tomlinson,9786,TE,5,OAK,1,1,0,1,0
2019,Adam Shaheen,11800,TE,8,CHI,12,9,0,9,0
2019,Zay Jones,11792,WR,15,OAK,43,27,0,27,0
2019,Deshaun Watson,11767,QB,2,HST,1,1,0,1,0
2019,Darius Jennings,10038,WR,8,TEN,5,2,0,2,0
2019,Daniel Brown,10144,TE,13,NYJ,9,7,0,7,0
2019,Marvin Hall,11440,WR,9,DET,10,7,0,7,0
2019,Chris Manhertz,10211,TE,14,CAR,1,1,0,1,0
2019,Roosevelt Nix,10269,FB,2,PIT,2,2,0,2,0
2019,Ross Travis,10320,TE,3,NYJ,5,4,0,4,0
2019,Elijhaa Penny,11300,HB,14,NYG,2,2,0,2,0
2019,Laquon Treadwell,10657,WR,13,MIN,16,9,0,9,0
2019,Tra Carson,11104,HB,2,DET,4,4,0,4,0
2019,Joshua Perkins,11051,TE,4,PHI,12,9,0,9,0
2019,J.D. McKissic,11047,HB,16,DET,39,34,0,34,0
2019,Larry Fitzgerald,1724,WR,16,ARZ,104,75,0,75,0
2019,Kalif Raymond,11028,WR,8,TEN,12,9,0,9,0
2019,Kevin Byard,10698,S,1,TEN,1,1,0,1,0
2019,Peyton Barber,10927,HB,16,TB,20,16,0,16,0
2019,C.J. Prosise,10724,HB,8,SEA,11,10,0,10,0
2019,Nick Vannett,10728,TE,16,PIT,21,17,0,17,0
2019,Chris Moore,10741,WR,8,BLT,5,3,0,3,0
2019,Dwayne Washington,10870,HB,1,NO,1,1,0,1,0
2019,Tyler Ervin,10753,HB,4,GB,4,2,0,2,0
2019,Elandon Roberts,10848,LB,3,NE,1,1,0,1,0
2019,Mike Thomas,10840,WR,6,LA,5,2,0,2,0
2019,Seth DeValve,10772,TE,11,JAX,17,12,0,12,0
2019,Tajae Sharpe,10774,WR,15,TEN,35,25,0,25,0
2019,Cody Core,10833,WR,9,NYG,3,3,0,3,0
2019,Paul Perkins,10783,HB,1,DET,1,1,0,1,0
2019,Andy Janovich,10810,FB,7,DEN,5,5,0,5,0
2019,Jonathan Williams,10790,HB,5,IND,5,5,0,5,0
2019,Dan Arnold,51842,TE,5,ARZ,13,8,0,8,0
2019,Christian Wilkins,50293,DI,2,MIA,1,1,0,1,0
2019,Michael Crabtree,4933,WR,2,ARZ,5,4,0,4,0
2019,Nick Scott,49012,S,2,LA,1,1,0,1,0
2019,Vita Vea,48956,DI,1,TB,1,1,0,1,0
2019,Robert Foster,48230,WR,11,BUF,17,3,0,3,0
2019,Michael Walker,48213,WR,3,JAX,3,2,0,2,0
2019,Damion Ratley,48182,WR,10,CLV,22,12,0,12,0
2019,Cedrick Wilson,48170,WR,3,DAL,8,5,0,5,0
2019,Antonio Brown,5718,WR,1,NE,8,4,0,4,0
2019,Jaleel Scott,48097,WR,1,BLT,3,1,0,1,0
2019,Mark Ingram II,6180,HB,15,BLT,28,26,0,26,0
2019,Kyle Rudolph,6195,TE,15,MIN,46,39,0,39,0
2019,Lance Kendricks,6199,TE,9,LAC,7,3,0,3,0
2019,Jeff Smith,48055,WR,1,NYJ,2,1,0,1,0
2019,Ventell Bryant,47959,WR,4,DAL,1,1,0,1,0
2019,Taiwan Jones,6277,HB,1,HST,1,1,0,1,0
2019,Riley Ridley,47933,WR,5,CHI,8,6,0,6,0
2019,Anthony Sherman,6288,FB,10,KC,3,2,0,2,0
2019,Kelvin Harmon,47931,WR,16,WAS,43,30,0,30,0
2019,Lee Smith,6311,TE,12,BUF,5,4,0,4,0
2019,Charles Clay,6326,TE,15,ARZ,24,18,0,18,0
2019,Dwayne Harris,6328,WR,2,OAK,1,1,0,1,0
2019,Virgil Green,6356,TE,15,LAC,11,9,0,9,0
2019,Chris Hogan,6468,WR,7,CAR,15,8,0,8,0
2019,Nick Bellore,6515,FB,4,SEA,2,2,0,2,0
2019,Cam Sims,47908,WR,6,WAS,3,2,0,2,0
2019,Christian Blake,47900,WR,9,ATL,23,11,0,11,0
2019,Steven Mitchell Jr.,47508,WR,2,HST,6,2,0,2,0
2019,Scotty Miller,47481,WR,9,TB,23,13,0,13,0
2019,Deontay Burnett,47477,WR,1,PHI,4,2,0,2,0
2019,Andy Isabella,47448,WR,13,ARZ,13,9,0,9,0
2019,Ryan Izzo,47327,TE,6,NE,8,6,0,6,0
2019,Dennis Kelly,7146,T,2,TEN,1,1,0,1,0
2019,Dalton Schultz,47304,TE,10,DAL,2,1,0,1,0
2019,Drew Sample,47259,TE,8,CIN,6,5,0,5,0
2019,Charles Jones II,47186,TE,3,JAX,1,1,0,1,0
2019,Chris Herndon,47164,TE,1,NYJ,2,1,0,1,0
2019,Cethan Carter,47149,TE,7,CIN,3,2,0,2,0
2019,Tyler Conklin,47124,TE,15,MIN,9,8,0,8,0
2019,Tavon Austin,7789,WR,14,DAL,23,13,0,13,0
2019,Ricky Ortiz,47053,FB,1,NO,1,1,0,1,0
2019,Foster Moreau,47043,TE,13,OAK,23,21,0,21,0
2019,Cordarrelle Patterson,7810,WR,13,CHI,15,11,0,11,0
2019,Kaleb McGary,46912,T,1,ATL,1,1,0,1,0
2019,David Blough,46508,QB,1,DET,1,1,0,1,0
2019,Wyatt Teller,46131,G,2,CLV,1,1,0,1,0
2019,Gus Edwards,46027,HB,16,BLT,7,7,0,7,0
2019,Mark Walton,45996,HB,7,MIA,19,15,0,15,0
2019,Benny Snell Jr.,45954,HB,8,PIT,4,3,0,3,0
2019,Qadree Ollison,45934,HB,4,ATL,2,1,0,1,0
2019,Ito Smith,45932,HB,5,ATL,14,11,0,11,0
2019,Levine Toilolo,7915,TE,11,SF,2,2,0,2,0
2019,Jon Hilliman,45826,HB,3,NYG,4,3,0,3,0
2019,Luke Willson,7940,TE,8,SEA,9,8,0,8,0
2019,David Quessenberry,7957,T,1,TEN,1,1,0,1,0
2019,Alexander Mattison,45817,HB,12,MIN,11,10,0,10,0
2019,Kenjon Barner,7963,HB,10,ATL,7,6,0,6,0
2019,D'Ernest Johnson,45734,HB,3,CLV,7,6,0,6,0
2019,Bo Scarbrough,45731,HB,6,DET,2,1,0,1,0
2019,Olamide Zaccheaus,44920,WR,9,ATL,4,3,0,3,0
2019,Russell Shepard,8254,WR,3,NYG,8,3,0,3,0
2019,Zach Line,8420,FB,11,NO,10,6,0,6,0
2019,Cody Davis,8458,S,1,JAX,1,1,0,1,0
2019,Khari Blasingame,44889,HB,5,TEN,5,4,0,4,0
2019,Jordan Thomas,42062,TE,4,HST,2,1,0,1,0
2019,Trevon Wesco,42018,TE,11,NYJ,3,2,0,2,0
2019,Michael Deiter,38554,G,1,MIA,1,1,0,1,0
2019,Trey Edmunds,38329,HB,7,PIT,6,6,0,6,0
2019,Rashard Davis,38044,WR,1,TEN,1,1,0,1,0
2019,Marqise Lee,8674,WR,6,JAX,3,3,0,3,0
2019,Zach Gentry,36049,TE,3,PIT,1,1,0,1,0
2019,Alec Ingold,34934,FB,14,OAK,6,6,0,6,0
2019,Jakob Johnson,32565,FB,3,NE,2,1,0,1,0
2019,Jaeden Graham,31849,TE,12,ATL,10,9,0,9,0
2019,Will Dissly,30762,TE,6,SEA,26,23,0,23,0
2019,Wes Hills,30228,HB,1,DET,2,2,0,2,0
2019,Rico Gafford,29622,WR,4,OAK,2,2,0,2,0
2019,Jason Sanders,29578,K,1,MIA,1,1,0,1,0
2019,Deon Yelder,29556,TE,4,KC,4,3,0,3,0
2019,Justin Jackson,29539,HB,7,LAC,10,9,0,9,0
2019,T.J. Jones,8824,WR,3,NYG,4,3,0,3,0
2019,Quincy Enunwa,8843,WR,1,NYJ,3,1,0,1,0
2019,Jeff Wilson Jr.,29413,HB,7,SF,5,3,0,3,0
2019,Rashaad Penny,27414,HB,10,SEA,10,8,0,8,0
2019,Nick Bawden,27413,FB,9,DET,6,4,0,4,0
2019,Scott Simonson,8954,TE,5,NYG,2,2,0,2,0
2019,John Ursua,26586,WR,1,SEA,1,1,0,1,0
2019,Kerrith Whyte Jr.,26392,HB,4,PIT,1,1,0,1,0
2019,Senorise Perry,9035,HB,1,BUF,1,1,0,1,0
2019,Antony Auclair,24606,TE,8,TB,3,1,0,1,0
2019,Fred Brown,23172,WR,10,DEN,3,2,0,2,0
2019,Chad Beebe,21528,WR,3,MIN,2,2,0,2,0
2019,Ross Dwelley,20994,TE,15,SF,20,15,0,15,0
2019,Keith Smith,9302,FB,16,ATL,2,1,0,1,0
2019,Tyrone Swoopes,12267,TE,5,SEA,1,1,0,1,0
2019,Pharaoh Brown,12247,TE,8,CLV,3,2,0,2,0
2019,Austin Carr,12215,WR,6,NO,4,1,0,1,0
2019,Phillip Dorsett,9462,WR,14,NE,56,29,0,29,0
2019,Robert Tonyan,12193,TE,11,GB,15,10,0,10,0
2019,Devin Smith,9470,WR,3,DAL,8,5,0,5,0
2019,Devin Funchess,9474,WR,1,IND,5,3,0,3,0
2019,Ameer Abdullah,9487,HB,16,MIN,19,15,0,15,0
2019,Ty Sambrailo,9492,T,1,ATL,1,1,0,1,0
2019,Mo Alie-Cox,12078,TE,15,IND,11,8,0,8,0
2019,Cyril Grayson,12077,WR,2,TB,1,1,0,1,0
2019,Bobo Wilson,12067,WR,5,TB,11,3,0,3,0
2019,Cody Hollister,12052,WR,1,TEN,2,2,0,2,0
2019,Krishawn Hogan,12014,WR,7,NO,1,1,0,1,0
2019,Ty Montgomery,9527,WR,15,NYJ,17,13,0,13,0
2019,Robert Davis,11964,WR,6,PHI,5,2,0,2,0
2019,Alex Armah,11948,FB,13,CAR,2,2,0,2,0
2019,T.J. Logan,11935,HB,8,TB,3,2,0,2,0
2019,Javorius Allen,9558,HB,5,NYG,2,1,0,1,0
2019,Mike Davis,9559,HB,5,CAR,8,7,0,7,0
2019,MyCole Pruitt,9576,TE,15,TEN,7,6,0,6,0
2019,Jamal Agnew,11920,CB,3,DET,2,1,0,1,0
2019,J.J. Nelson,9592,WR,2,OAK,5,4,0,4,0
2019,Chris Godwin,11839,WR,14,TB,114,86,1,87,1.1
2019,George Kittle,11901,TE,14,SF,106,85,1,86,1.2
2019,Emmanuel Sanders,5606,WR,17,SF,96,66,1,67,1.5
2019,Devonta Freeman,8738,HB,14,ATL,64,59,1,60,1.7
2019,Greg Olsen,3647,TE,14,CAR,81,52,1,53,1.9
2019,Austin Ekeler,12164,HB,16,LAC,104,92,2,94,2.1
2019,Duke Johnson Jr.,9510,HB,16,HST,62,44,1,45,2.2
2019,Robert Woods,7822,WR,15,LA,129,90,2,92,2.2
2019,Chris Thompson,7936,HB,11,WAS,54,42,1,43,2.3
2019,Jacob Hollister,12051,TE,11,SEA,58,41,1,42,2.4
2019,Jamaal Williams,11889,HB,14,GB,43,39,1,40,2.5
2019,Kareem Hunt,11841,HB,8,CLV,43,37,1,38,2.6
2019,Gerald Everett,11799,TE,12,LA,54,37,1,38,2.6
2019,Austin Hooper,10715,TE,13,ATL,93,75,2,77,2.6
2019,Adam Humphries,10075,WR,12,TEN,47,37,1,38,2.6
2019,James White,8765,HB,15,NE,90,72,2,74,2.7
2019,Breshad Perriman,9459,WR,14,TB,65,36,1,37,2.7
2019,Jalen Richard,11395,HB,16,OAK,42,36,1,37,2.7
2019,D.J. Chark Jr.,47702,WR,15,JAX,114,73,2,75,2.7
2019,David Johnson,9519,HB,13,ARZ,43,36,1,37,2.7
2019,Jonnu Smith,11855,TE,16,TEN,44,35,1,36,2.8
2019,Tyler Higbee,10744,TE,15,LA,86,69,2,71,2.8
2019,James Conner,11860,HB,10,PIT,38,34,1,35,2.9
2019,T.J. Hockenson,40912,TE,12,DET,56,32,1,33,3
2019,Allen Robinson II,8696,WR,16,CHI,153,98,3,101,3
2019,Damiere Byrd,9964,WR,11,ARZ,45,32,1,33,3
2019,Ronald Jones,34001,HB,16,TB,38,31,1,32,3.1
2019,Cooper Kupp,11824,WR,16,LA,132,94,3,97,3.1
2019,Blake Jarwin,12320,TE,16,DAL,43,31,1,32,3.1
2019,Olabisi Johnson,47882,WR,15,MIN,41,31,1,32,3.1
2019,Adam Thielen,8288,WR,10,MIN,47,30,1,31,3.2
2019,Damien Williams,9205,HB,11,KC,36,30,1,31,3.2
2019,Hayden Hurst,47294,TE,16,BLT,38,30,1,31,3.2
2019,LeSean McCoy,4976,HB,13,KC,32,28,1,29,3.4
2019,Greg Ward,12258,WR,6,PHI,40,28,1,29,3.4
2019,Rex Burkhead,7971,HB,13,NE,35,27,1,28,3.6
2019,Mecole Hardman,42683,WR,16,KC,36,26,1,27,3.7
2019,Trey Quinn,38276,WR,12,WAS,44,26,1,27,3.7
2019,Josh Hill,8200,TE,16,NO,33,25,1,26,3.8
2019,Russell Gage,44771,WR,16,ATL,69,49,2,51,3.9
2019,Michael Thomas,10681,WR,16,NO,180,149,6,155,3.9
2019,Boston Scott,39462,HB,7,PHI,26,24,1,25,4
2019,Keelan Cole,51593,WR,16,JAX,36,24,1,25,4
2019,Courtland Sutton,48164,WR,16,DEN,115,72,3,75,4
2019,Christian Kirk,47546,WR,13,ARZ,99,68,3,71,4.2
2019,Le'Veon Bell,7829,HB,15,NYJ,74,66,3,69,4.3
2019,T.Y. Hilton,7092,WR,10,IND,67,45,2,47,4.3
2019,Jack Doyle,8520,TE,16,IND,69,43,2,45,4.4
2019,Royce Freeman,45747,HB,16,DEN,48,43,2,45,4.4
2019,Calvin Ridley,48262,WR,13,ATL,91,63,3,66,4.5
2019,Delanie Walker,3120,TE,7,TEN,30,21,1,22,4.5
2019,Seth Roberts,9079,WR,16,BLT,32,21,1,22,4.5
2019,Marvin Jones Jr.,7158,WR,13,DET,90,62,3,65,4.6
2019,Keenan Allen,7857,WR,16,LAC,147,104,5,109,4.6
2019,Tyler Lockett,9502,WR,16,SEA,108,82,4,86,4.7
2019,Alvin Kamara,11822,HB,14,NO,95,81,4,85,4.7
2019,Zach Pascal,12303,WR,16,IND,69,41,2,43,4.7
2019,Kenny Stills,7926,WR,13,HST,53,40,2,42,4.8
2019,Diontae Johnson,33441,WR,16,PIT,86,59,3,62,4.8
2019,Kyle Juszczyk,7912,FB,12,SF,23,20,1,21,4.8
2019,Travis Kelce,7844,TE,16,KC,130,97,5,102,4.9
2019,Christian McCaffrey,11763,HB,16,CAR,135,116,6,122,4.9
2019,Leonard Fournette,11759,HB,15,JAX,95,76,4,80,5
2019,Sterling Shepard,10674,WR,10,NYG,83,57,3,60,5
2019,Justin Hardy,9540,WR,15,ATL,26,19,1,20,5
2019,Taysom Hill,12112,QB,16,NO,22,19,1,20,5
2019,Hunter Henry,10669,TE,12,LAC,74,55,3,58,5.2
2019,John Brown,8726,WR,15,BUF,114,72,4,76,5.3
2019,Jordan Akins,47050,TE,16,HST,53,36,2,38,5.3
2019,Irv Smith Jr.,42060,TE,16,MIN,46,36,2,38,5.3
2019,Tre'Quan Smith,48228,WR,11,NO,25,18,1,19,5.3
2019,Darren Waller,9637,TE,16,OAK,115,90,5,95,5.3
2019,Parris Campbell,47940,WR,7,IND,23,18,1,19,5.3
2019,Cameron Brate,9207,TE,16,TB,52,36,2,38,5.3
2019,DeAndre Washington,10777,HB,16,OAK,39,36,2,38,5.3
2019,Zach Ertz,7816,TE,15,PHI,128,88,5,93,5.4
2019,Joe Mixon,11803,HB,16,CIN,42,35,2,37,5.4
2019,Dare Ogunbowale,12329,HB,16,TB,45,35,2,37,5.4
2019,D.J. Moore,48267,WR,15,CAR,130,87,5,92,5.4
2019,DeAndre Hopkins,7808,WR,15,HST,146,104,6,110,5.5
2019,Robby Anderson,11254,WR,16,NYJ,92,52,3,55,5.5
2019,Saquon Barkley,45791,HB,13,NYG,69,52,3,55,5.5
2019,Adrian Peterson,3623,HB,15,WAS,22,17,1,18,5.6
2019,Mike Gesicki,47153,TE,16,MIA,80,51,3,54,5.6
2019,C.J. Ham,11347,FB,16,MIN,24,17,1,18,5.6
2019,Ryan Griffin,7982,TE,13,NYJ,39,34,2,36,5.6
2019,David Moore,11981,WR,14,SEA,34,17,1,18,5.6
2019,Jarvis Landry,8698,WR,16,CLV,130,83,5,88,5.7
2019,Dede Westbrook,11865,WR,15,JAX,97,66,4,70,5.7
2019,Julio Jones,6158,WR,15,ATL,149,99,6,105,5.7
2019,Miles Sanders,40555,HB,16,PHI,62,50,3,53,5.7
2019,Golden Tate,5585,WR,11,NYG,81,49,3,52,5.8
2019,Tim Patrick,12087,WR,8,DEN,30,16,1,17,5.9
2019,Logan Thomas,8755,TE,16,DET,27,16,1,17,5.9
2019,Darius Slayton,25578,WR,14,NYG,80,48,3,51,5.9
2019,Demarcus Robinson,10760,WR,16,KC,53,32,2,34,5.9
2019,Nick Boyle,9604,TE,16,BLT,42,31,2,33,6.1
2019,Kaden Smith,40973,TE,8,NYG,41,31,2,33,6.1
2019,Marquise Brown,61568,WR,14,BLT,65,46,3,49,6.1
2019,Willie Snead IV,8999,WR,16,BLT,45,31,2,33,6.1
2019,Maxx Williams,9488,TE,16,ARZ,18,15,1,16,6.3
2019,Tony Pollard,27126,HB,15,DAL,20,15,1,16,6.3
2019,Darrel Williams,13014,HB,11,KC,18,15,1,16,6.3
2019,Marcedes Lewis,2973,TE,16,GB,18,15,1,16,6.3
2019,Evan Engram,11778,TE,8,NYG,65,44,3,47,6.4
2019,DeVante Parker,9447,WR,16,MIA,119,72,5,77,6.5
2019,Tyreek Hill,10799,WR,12,KC,87,58,4,62,6.5
2019,Corey Davis,11760,WR,15,TEN,68,43,3,46,6.5
2019,Alex Erickson,11107,WR,16,CIN,76,43,3,46,6.5
2019,Dallas Goedert,47272,TE,15,PHI,78,58,4,62,6.5
2019,Ricky Seals-Jones,12020,TE,14,CLV,22,14,1,15,6.7
2019,Marlon Mack,11898,HB,14,IND,16,14,1,15,6.7
2019,Jeff Heuerman,9525,TE,14,DEN,20,14,1,15,6.7
2019,Paul Richardson Jr.,8680,WR,10,WAS,41,28,2,30,6.7
2019,C.J. Uzomah,9590,TE,16,CIN,36,27,2,29,6.9
2019,Isaiah McKenzie,11927,WR,15,BUF,38,27,2,29,6.9
2019,Noah Fant,42388,TE,16,DEN,59,40,3,43,7
2019,Anthony Miller,48160,WR,16,CHI,81,52,4,56,7.1
2019,Frank Gore,2282,HB,16,BUF,15,13,1,14,7.1
2019,A.J. Brown,48327,WR,16,TEN,84,52,4,56,7.1
2019,Sammy Watkins,8639,WR,14,KC,88,52,4,56,7.1
2019,Marquez Valdes-Scantling,47809,WR,16,GB,54,26,2,28,7.1
2019,Nick O'Leary,9627,TE,12,JAX,17,13,1,14,7.1
2019,Kenny Golladay,11851,WR,16,DET,113,65,5,70,7.1
2019,Tarik Cohen,11874,HB,16,CHI,102,79,6,85,7.1
2019,Jeremy Sprinkle,11909,TE,16,WAS,40,26,2,28,7.1
2019,Derek Carrier,7406,TE,15,OAK,19,13,1,14,7.1
2019,T.J. Yeldon,9469,HB,5,BUF,15,13,1,14,7.1
2019,Nelson Agholor,9453,WR,11,PHI,65,39,3,42,7.1
2019,Mark Andrews,47436,TE,15,BLT,97,64,5,69,7.2
2019,Tyler Boyd,10689,WR,16,CIN,142,90,7,97,7.2
2019,Jimmy Graham,5619,TE,16,GB,58,38,3,41,7.3
2019,David Montgomery,45719,HB,16,CHI,33,25,2,27,7.4
2019,Pharoh Cooper,10751,WR,13,ARZ,33,25,2,27,7.4
2019,Aaron Jones,11937,HB,16,GB,67,50,4,54,7.4
2019,Danny Amendola,4717,WR,15,DET,94,62,5,67,7.5
2019,Chris Carson,12004,HB,15,SEA,44,37,3,40,7.5
2019,Kenyan Drake,10707,HB,14,ARZ,64,49,4,53,7.5
2019,Dontrell Hilliard,45691,HB,13,CLV,14,12,1,13,7.7
2019,Ty Johnson,45769,HB,16,DET,31,24,2,26,7.7
2019,Nick Chubb,45783,HB,16,CLV,45,36,3,39,7.7
2019,Jake Kumerow,9883,WR,13,GB,20,12,1,13,7.7
2019,Cody Latimer,8691,WR,15,NYG,39,24,2,26,7.7
2019,Allen Lazard,48135,WR,15,GB,51,35,3,38,7.9
2019,Bennie Fowler,8914,WR,8,NYG,31,23,2,25,8
2019,Isaiah Ford,11991,WR,8,MIA,35,23,2,25,8
2019,Darren Fells,8549,TE,15,HST,47,34,3,37,8.1
2019,Latavius Murray,7962,HB,16,NO,42,34,3,37,8.1
2019,Amari Cooper,9437,WR,16,DAL,116,79,7,86,8.1
2019,Cole Beasley,7330,WR,15,BUF,99,67,6,73,8.2
2019,Wayne Gallman,11895,HB,10,NYG,14,11,1,12,8.3
2019,Keelan Doss,48143,WR,8,OAK,15,11,1,12,8.3
2019,DeAndre Carter,9859,WR,8,HST,13,11,1,12,8.3
2019,Dante Pettis,48113,WR,11,SF,23,11,1,12,8.3
2019,Travis Homer,45859,HB,3,SEA,12,11,1,12,8.3
2019,Tyler Eifert,7802,TE,16,CIN,62,43,4,47,8.5
2019,Preston Williams,38855,WR,8,MIA,59,32,3,35,8.6
2019,Odell Beckham Jr.,8647,WR,16,CLV,130,74,7,81,8.6
2019,Allen Hurns,8931,WR,14,MIA,46,32,3,35,8.6
2019,Tevin Coleman,9506,HB,14,SF,28,21,2,23,8.7
2019,Stefon Diggs,9579,WR,15,MIN,91,63,6,69,8.7
2019,Josh Reynolds,11872,WR,16,LA,39,21,2,23,8.7
2019,Jason Witten,1384,TE,16,DAL,82,63,6,69,8.7
2019,Melvin Gordon III,9448,HB,12,LAC,52,42,4,46,8.7
2019,Davante Adams,8688,WR,12,GB,124,83,8,91,8.8
2019,J.J. Arcega-Whiteside,35014,WR,14,PHI,19,10,1,11,9.1
2019,Giovani Bernard,7818,HB,16,CIN,42,30,3,33,9.1
2019,Brian Hill,11911,HB,10,ATL,12,10,1,11,9.1
2019,Carlos Hyde,8692,HB,16,HST,14,10,1,11,9.1
2019,Julian Edelman,5156,WR,16,NE,147,100,10,110,9.1
2019,Kendrick Bourne,12270,WR,16,SF,44,30,3,33,9.1
2019,Vernon Davis,2951,TE,4,WAS,17,10,1,11,9.1
2019,Mohamed Sanu,7084,WR,15,NE,85,59,6,65,9.2
2019,Jamison Crowder,9538,WR,16,NYJ,118,78,8,86,9.3
2019,Hunter Renfrow,47509,WR,13,OAK,67,49,5,54,9.3
2019,Taylor Gabriel,9002,WR,9,CHI,48,29,3,32,9.4
2019,Mike Evans,8642,WR,13,TB,114,67,7,74,9.5
2019,Vance McDonald,7836,TE,14,PIT,52,38,4,42,9.5
2019,Matt Breida,12271,HB,12,SF,22,19,2,21,9.5
2019,Jakeem Grant,10820,WR,10,MIA,33,19,2,21,9.5
2019,Jaylen Samuels,47297,HB,14,PIT,56,47,5,52,9.6
2019,Darwin Thompson,83791,HB,10,KC,10,9,1,10,10
2019,DeSean Jackson,4363,WR,3,PHI,10,9,1,10,10
2019,Andrew Beck,47121,TE,15,DEN,10,9,1,10,10
2019,Ezekiel Elliott,10638,HB,16,DAL,68,54,6,60,10
2019,Brandon Bolden,7469,HB,8,NE,11,9,1,10,10
2019,Josh Gordon,7618,WR,11,SEA,43,27,3,30,10
2019,Rhett Ellison,7128,TE,10,NYG,25,18,2,20,10
2019,James Washington,47792,WR,15,PIT,77,44,5,49,10.2
2019,Jakobi Meyers,47468,WR,15,NE,40,26,3,29,10.3
2019,Albert Wilson,8943,WR,13,MIA,61,43,5,48,10.4
2019,Jared Cook,5012,TE,14,NO,62,43,5,48,10.4
2019,Alshon Jeffery,7048,WR,10,PHI,69,43,5,48,10.4
2019,Benjamin Watson,1753,TE,10,NE,23,17,2,19,10.5
2019,O.J. Howard,11774,TE,14,TB,52,34,4,38,10.5
2019,Steven Sims,48341,WR,15,WAS,52,34,4,38,10.5
2019,Vyncint Smith,66957,WR,13,NYJ,29,17,2,19,10.5
2019,Tyrell Williams,10154,WR,14,OAK,64,42,5,47,10.6
2019,Brandin Cooks,8655,WR,14,LA,67,42,5,47,10.6
2019,Dion Lewis,6301,HB,16,TEN,30,25,3,28,10.7
2019,Terry McLaurin,48229,WR,14,WAS,91,58,7,65,10.8
2019,Mike Williams,11762,WR,15,LAC,85,49,6,55,10.9
2019,Will Fuller V,10655,WR,11,HST,70,49,6,55,10.9
2019,Tommy Sweeney,47216,TE,6,BUF,10,8,1,9,11.1
2019,Justice Hill,45865,HB,16,BLT,14,8,1,9,11.1
2019,Brandon Zylstra,66438,WR,6,CAR,12,8,1,9,11.1
2019,Patrick Ricard,48862,DI,15,BLT,11,8,1,9,11.1
2019,Auden Tate,48192,WR,12,CIN,78,40,5,45,11.1
2019,Jaron Brown,8128,WR,14,SEA,28,16,2,18,11.1
2019,Antonio Callaway,48101,WR,4,CLV,15,8,1,9,11.1
2019,Luke Stocker,6256,TE,15,ATL,14,8,1,9,11.1
2019,Jesse James,9593,TE,16,DET,25,16,2,18,11.1
2019,Curtis Samuel,11795,WR,16,CAR,103,54,7,61,11.5
2019,Patrick Laird,28219,HB,8,MIA,28,23,3,26,11.5
2019,Dalvin Cook,11796,HB,14,MIN,62,53,7,60,11.7
2019,Ted Ginn Jr.,3625,WR,16,NO,53,30,4,34,11.8
2019,Justin Watson,66915,WR,8,TB,25,15,2,17,11.8
2019,Nyheim Hines,48103,HB,16,IND,57,44,6,50,12
2019,Keke Coutee,47698,WR,9,HST,35,22,3,25,12
2019,D.K. Metcalf,47864,WR,16,SEA,97,58,8,66,12.1
2019,Demaryius Thomas,5547,WR,11,NYJ,55,36,5,41,12.2
2019,KeeSean Johnson,39587,WR,10,ARZ,40,21,3,24,12.5
2019,DaeSean Hamilton,45416,WR,16,DEN,48,28,4,32,12.5
2019,Derrius Guice,45664,HB,5,WAS,9,7,1,8,12.5
2019,Trey Burton,9185,TE,8,CHI,23,14,2,16,12.5
2019,Durham Smythe,47257,TE,16,MIA,14,7,1,8,12.5
2019,Raheem Mostert,9783,HB,15,SF,21,14,2,16,12.5
2019,JuJu Smith-Schuster,11817,WR,12,PIT,68,42,6,48,12.5
2019,Anthony Firkser,51837,TE,15,TEN,21,14,2,16,12.5
2019,J.P. Holtz,11062,TE,13,CHI,8,7,1,8,12.5
2019,Danny Vitale,10831,FB,15,GB,12,7,1,8,12.5
2019,Geronimo Allison,11141,WR,16,GB,54,34,5,39,12.8
2019,Josh Jacobs,45953,HB,13,OAK,26,20,3,23,13
2019,Chris Conley,9509,WR,16,JAX,88,47,7,54,13
2019,Miles Boykin,48209,WR,16,BLT,22,13,2,15,13.3
2019,Matt LaCosse,9840,TE,11,NE,19,13,2,15,13.3
2019,Eric Ebron,8645,TE,11,IND,50,31,5,36,13.9
2019,Randall Cobb,6216,WR,15,DAL,79,55,9,64,14.1
2019,Tyler Kroft,9518,TE,11,BUF,13,6,1,7,14.3
2019,Braxton Berrios,47961,WR,11,NYJ,10,6,1,7,14.3
2019,Richie James Jr.,28991,WR,15,SF,10,6,1,7,14.3
2019,Byron Pringle,42345,WR,12,KC,16,12,2,14,14.3
2019,Dontrelle Inman,6597,WR,7,IND,21,12,2,14,14.3
2019,Reggie Bonnafon,47542,HB,7,CAR,9,6,1,7,14.3
2019,N'Keal Harry,48297,WR,7,NE,23,12,2,14,14.3
2019,Ben Braunecker,11335,TE,7,CHI,11,6,1,7,14.3
2019,Javon Wims,41406,WR,16,CHI,38,18,3,21,14.3
2019,Troy Fumagalli,47333,TE,11,DEN,9,6,1,7,14.3
2019,Devontae Booker,10770,HB,8,DEN,9,6,1,7,14.3
2019,Derrick Henry,10679,HB,15,TEN,23,18,3,21,14.3
2019,Phillip Lindsay,12660,HB,16,DEN,46,35,6,41,14.6
2019,Devin Singletary,40485,HB,12,BUF,39,29,5,34,14.7
2019,Deebo Samuel,48274,WR,15,SF,77,57,10,67,14.9
2019,Ian Thomas,42130,TE,14,CAR,27,16,3,19,15.8
2019,Todd Gurley II,9443,HB,15,LA,45,31,6,37,16.2
2019,Michael Gallup,26075,WR,14,DAL,112,66,13,79,16.5
2019,Mack Hollins,11873,WR,15,MIA,22,10,2,12,16.7
2019,Marcell Ateman,23670,WR,10,OAK,9,5,1,6,16.7
2019,Jordan Howard,10784,HB,9,PHI,13,10,2,12,16.7
2019,Demetrius Harris,8524,TE,15,CLV,27,15,3,18,16.7
2019,Spencer Ware,7975,HB,3,KC,7,5,1,6,16.7
2019,Patrick DiMarco,6997,FB,10,BUF,7,5,1,6,16.7
2019,Malik Turner,48078,WR,15,SEA,21,15,3,18,16.7
2019,Kerryon Johnson,34455,HB,8,DET,15,10,2,12,16.7
2019,Ryquell Armstead,45810,HB,13,JAX,21,14,3,17,17.6
2019,Deon Cain,13597,WR,13,PIT,19,9,2,11,18.2
2019,Damion Willis,61737,WR,9,CIN,16,9,2,11,18.2
2019,Marcus Johnson,11074,WR,8,IND,32,17,4,21,19
2019,Duke Williams,11366,WR,4,BUF,19,12,3,15,20
2019,Ryan Grant,8777,WR,2,GB,9,4,1,5,20
2019,Chester Rogers,10918,WR,11,IND,27,16,4,20,20
2019,KhaDarel Hodge,26104,WR,9,CLV,10,4,1,5,20
2019,John Ross,11764,WR,8,CIN,55,28,7,35,20
2019,Johnny Mundt,12206,TE,10,LA,7,4,1,5,20
2019,Jordan Matthews,8677,WR,2,SF,13,4,1,5,20
2019,Darrell Henderson,41193,HB,7,LA,5,4,1,5,20
2019,Hale Hentges,47150,TE,10,WAS,14,8,2,10,20
2019,Jarius Wright,7118,WR,16,CAR,56,28,7,35,20
2019,Rashard Higgins,10806,WR,7,CLV,10,4,1,5,20
2019,Kalen Ballage,45741,HB,12,MIA,19,14,4,18,22.2
2019,Myles Gaskin,45914,HB,7,MIA,10,7,2,9,22.2
2019,Jordan Wilkins,26618,HB,13,IND,11,7,2,9,22.2
2019,Bilal Powell,6278,HB,11,NYJ,11,7,2,9,22.2
2019,Dawson Knox,35883,TE,15,BUF,51,28,9,37,24.3
2019,Chris Lacy,29726,WR,6,DET,10,3,1,4,25
2019,Mike Boone,31615,HB,4,MIN,4,3,1,4,25
2019,Josh Oliver,47083,TE,4,JAX,6,3,1,4,25
2019,Andre Roberts,5612,WR,12,BUF,7,3,1,4,25
2019,Stanley Morgan Jr.,48110,WR,9,CIN,10,3,1,4,25
2019,Devine Ozigbo,45903,HB,3,JAX,5,3,1,4,25
2019,Derek Watt,10832,FB,15,LAC,4,3,1,4,25
2019,Sony Michel,27589,HB,16,NE,19,12,4,16,25
2019,Marquise Goodwin,7859,WR,8,SF,21,12,4,16,25
2019,Darren Sproles,2347,HB,6,PHI,10,6,2,8,25
2019,Andre Patton,12043,WR,12,LAC,15,6,2,8,25
2019,Blake Bell,9550,TE,15,KC,13,8,3,11,27.3
2019,David Njoku,11784,TE,4,CLV,10,5,2,7,28.6
2019,Chase Edmonds,45851,HB,10,ARZ,19,12,5,17,29.4
2019,Tevin Jones,11163,WR,5,PIT,10,4,2,6,33.3
2019,Ishmael Hyman,28621,WR,2,TB,4,2,1,3,33.3
2019,Isaac Nauta,47119,TE,4,DET,3,2,1,3,33.3
2019,Trent Sherfield,48021,WR,12,ARZ,13,4,2,6,33.3
2019,Donte Moncrief,8725,WR,8,CAR,14,4,2,6,33.3
2019,Troymaine Pope,11473,HB,2,LAC,3,2,1,3,33.3
2019,Josh Bellamy,7472,WR,4,NYJ,3,2,1,3,33.3
2019,Zach Zenner,9761,HB,2,MIA,3,2,1,3,33.3
2019,Alexander Hollins,63664,WR,5,MIN,4,2,1,3,33.3
2019,Da'Mari Scott,39588,WR,5,NYG,3,2,1,3,33.3
2019,C.J. Board,12088,WR,3,JAX,3,2,1,3,33.3
2019,Malcolm Brown,9902,HB,13,LA,5,2,1,3,33.3
2019,Travis Benjamin,7100,WR,5,LAC,16,6,3,9,33.3
2019,Eric Saubert,11929,TE,2,CHI,3,2,1,3,33.3
2019,Johnny Holton,11354,WR,15,PIT,13,3,2,5,40
2019,Clive Walford,9501,TE,7,MIA,8,4,3,7,42.9
2019,Sean Culkin,12037,TE,3,LAC,2,1,1,2,50
2019,De'Anthony Thomas,8759,WR,5,BLT,2,1,1,2,50
2019,Darrell Daniels,12122,TE,5,ARZ,3,1,1,2,50
2019,Tanner Hudson,66924,TE,7,TB,5,2,2,4,50
2019,Xavier Grimble,9092,TE,2,PIT,3,1,1,2,50
2019,Darrius Shepherd,29347,WR,4,GB,2,1,1,2,50
2019,Travis Fulgham,48023,WR,3,DET,3,0,2,2,100
2019,Justin Hardee,18348,CB,2,NO,1,0,1,1,100
2019,Jay Ajayi,9582,HB,2,PHI,1,0,1,1,100
2019,Michael Burton,9601,FB,6,WAS,1,0,1,1,100
2019,Dalyn Dawkins,39541,HB,2,TEN,1,0,1,1,100
2019,Jace Sternberger,47081,TE,5,GB,1,0,0,0,
2019,Deon Lacey,8512,LB,1,MIA,1,0,0,0,
2019,David Long Jr.,27377,CB,1,LA,1,0,0,0,
2019,Kirk Cousins,7102,QB,1,MIN,1,0,0,0,
2019,Jalen Guyton,34164,WR,3,LAC,2,0,0,0,
2019,Chad Williams,11853,WR,1,IND,1,0,0,0,
2019,Taywan Taylor,11827,WR,3,CLV,1,0,0,0,
2019,Lil'Jordan Humphrey,42247,WR,5,NO,1,0,0,0,
2019,Jamize Olawale,7572,FB,14,DAL,4,0,0,0,
2019,Dane Cruikshank,25546,S,2,TEN,1,0,0,0,